,Fecha,Latitud,Longitud,SST,Mes,AÃ±o
1,1981-09-01,31.375,-114.875,30.685,9,1981
368,1981-10-01,31.375,-114.875,25.04774,10,1981
735,1981-11-01,31.375,-114.875,21.123,11,1981
1102,1981-12-01,31.375,-114.875,17.10548,12,1981
1469,1982-01-01,31.375,-114.875,15.60032,1,1982
1836,1982-02-01,31.375,-114.875,14.79786,2,1982
2203,1982-03-01,31.375,-114.875,16.05,3,1982
2570,1982-04-01,31.375,-114.875,17.78167,4,1982
2937,1982-05-01,31.375,-114.875,20.51806,5,1982
3304,1982-06-01,31.375,-114.875,22.02267,6,1982
3671,1982-07-01,31.375,-114.875,24.44677,7,1982
4038,1982-08-01,31.375,-114.875,26.75161,8,1982
4405,1982-09-01,31.375,-114.875,27.36733,9,1982
4772,1982-10-01,31.375,-114.875,25.04129,10,1982
5139,1982-11-01,31.375,-114.875,20.64167,11,1982
5506,1982-12-01,31.375,-114.875,18.21903,12,1982
5873,1983-01-01,31.375,-114.875,16.41742,1,1983
6240,1983-02-01,31.375,-114.875,16.19857,2,1983
6607,1983-03-01,31.375,-114.875,18.01387,3,1983
6974,1983-04-01,31.375,-114.875,19.312,4,1983
7341,1983-05-01,31.375,-114.875,21.6771,5,1983
7708,1983-06-01,31.375,-114.875,24.882,6,1983
8075,1983-07-01,31.375,-114.875,27.18484,7,1983
8442,1983-08-01,31.375,-114.875,31.14419,8,1983
8809,1983-09-01,31.375,-114.875,30.61967,9,1983
9176,1983-10-01,31.375,-114.875,27.12226,10,1983
9543,1983-11-01,31.375,-114.875,23.36667,11,1983
9910,1983-12-01,31.375,-114.875,17.41032,12,1983
10277,1984-01-01,31.375,-114.875,16.50355,1,1984
10644,1984-02-01,31.375,-114.875,16.61,2,1984
11011,1984-03-01,31.375,-114.875,18.32161,3,1984
11378,1984-04-01,31.375,-114.875,19.682,4,1984
11745,1984-05-01,31.375,-114.875,22.9171,5,1984
12112,1984-06-01,31.375,-114.875,25.634,6,1984
12479,1984-07-01,31.375,-114.875,29.68903,7,1984
12846,1984-08-01,31.375,-114.875,31.97871,8,1984
13213,1984-09-01,31.375,-114.875,31.101,9,1984
13580,1984-10-01,31.375,-114.875,26.35193,10,1984
13947,1984-11-01,31.375,-114.875,21.52833,11,1984
14314,1984-12-01,31.375,-114.875,16.93419,12,1984
14681,1985-01-01,31.375,-114.875,14.79,1,1985
15048,1985-02-01,31.375,-114.875,15.17071,2,1985
15415,1985-03-01,31.375,-114.875,17.21355,3,1985
15782,1985-04-01,31.375,-114.875,19.85433,4,1985
16149,1985-05-01,31.375,-114.875,22.68613,5,1985
16516,1985-06-01,31.375,-114.875,24.95967,6,1985
16883,1985-07-01,31.375,-114.875,28.43774,7,1985
17250,1985-08-01,31.375,-114.875,29.88839,8,1985
17617,1985-09-01,31.375,-114.875,28.86733,9,1985
17984,1985-10-01,31.375,-114.875,26.09645,10,1985
18351,1985-11-01,31.375,-114.875,22.311,11,1985
18718,1985-12-01,31.375,-114.875,17.42806,12,1985
19085,1986-01-01,31.375,-114.875,16.46581,1,1986
19452,1986-02-01,31.375,-114.875,16.95964,2,1986
19819,1986-03-01,31.375,-114.875,19.20677,3,1986
20186,1986-04-01,31.375,-114.875,20.525,4,1986
20553,1986-05-01,31.375,-114.875,22.89097,5,1986
20920,1986-06-01,31.375,-114.875,25.21667,6,1986
21287,1986-07-01,31.375,-114.875,28.13355,7,1986
21654,1986-08-01,31.375,-114.875,29.84516,8,1986
22021,1986-09-01,31.375,-114.875,28.952,9,1986
22388,1986-10-01,31.375,-114.875,25.19258,10,1986
22755,1986-11-01,31.375,-114.875,21.717,11,1986
23122,1986-12-01,31.375,-114.875,17.90452,12,1986
23489,1987-01-01,31.375,-114.875,15.46516,1,1987
23856,1987-02-01,31.375,-114.875,15.835,2,1987
24223,1987-03-01,31.375,-114.875,17.36355,3,1987
24590,1987-04-01,31.375,-114.875,20.28,4,1987
24957,1987-05-01,31.375,-114.875,23.19968,5,1987
25324,1987-06-01,31.375,-114.875,24.93233,6,1987
25691,1987-07-01,31.375,-114.875,26.90355,7,1987
26058,1987-08-01,31.375,-114.875,29.33,8,1987
26425,1987-09-01,31.375,-114.875,29.46933,9,1987
26792,1987-10-01,31.375,-114.875,27.94935,10,1987
27159,1987-11-01,31.375,-114.875,22.93367,11,1987
27526,1987-12-01,31.375,-114.875,18.33161,12,1987
27893,1988-01-01,31.375,-114.875,15.22645,1,1988
28260,1988-02-01,31.375,-114.875,15.22414,2,1988
28627,1988-03-01,31.375,-114.875,17.33258,3,1988
28994,1988-04-01,31.375,-114.875,20.333,4,1988
29361,1988-05-01,31.375,-114.875,22.28032,5,1988
29728,1988-06-01,31.375,-114.875,25.07333,6,1988
30095,1988-07-01,31.375,-114.875,28.51484,7,1988
30462,1988-08-01,31.375,-114.875,29.82355,8,1988
30829,1988-09-01,31.375,-114.875,29.39367,9,1988
31196,1988-10-01,31.375,-114.875,27.30064,10,1988
31563,1988-11-01,31.375,-114.875,23.43,11,1988
31930,1988-12-01,31.375,-114.875,17.40806,12,1988
32297,1989-01-01,31.375,-114.875,15.33323,1,1989
32664,1989-02-01,31.375,-114.875,15.41643,2,1989
33031,1989-03-01,31.375,-114.875,17.71871,3,1989
33398,1989-04-01,31.375,-114.875,21.40767,4,1989
33765,1989-05-01,31.375,-114.875,23.25581,5,1989
34132,1989-06-01,31.375,-114.875,25.633,6,1989
34499,1989-07-01,31.375,-114.875,28.95677,7,1989
34866,1989-08-01,31.375,-114.875,30.74323,8,1989
35233,1989-09-01,31.375,-114.875,29.475,9,1989
35600,1989-10-01,31.375,-114.875,26.74323,10,1989
35967,1989-11-01,31.375,-114.875,21.781,11,1989
36334,1989-12-01,31.375,-114.875,17.82,12,1989
36701,1990-01-01,31.375,-114.875,15.46806,1,1990
37068,1990-02-01,31.375,-114.875,14.7775,2,1990
37435,1990-03-01,31.375,-114.875,17.79871,3,1990
37802,1990-04-01,31.375,-114.875,20.68533,4,1990
38169,1990-05-01,31.375,-114.875,22.39355,5,1990
38536,1990-06-01,31.375,-114.875,25.19067,6,1990
38903,1990-07-01,31.375,-114.875,28.42903,7,1990
39270,1990-08-01,31.375,-114.875,30.24613,8,1990
39637,1990-09-01,31.375,-114.875,30.03533,9,1990
40004,1990-10-01,31.375,-114.875,26.79161,10,1990
40371,1990-11-01,31.375,-114.875,22.179,11,1990
40738,1990-12-01,31.375,-114.875,17.94903,12,1990
41105,1991-01-01,31.375,-114.875,15.53452,1,1991
41472,1991-02-01,31.375,-114.875,16.3225,2,1991
41839,1991-03-01,31.375,-114.875,17.46,3,1991
42206,1991-04-01,31.375,-114.875,19.619,4,1991
42573,1991-05-01,31.375,-114.875,22.52193,5,1991
42940,1991-06-01,31.375,-114.875,25.18867,6,1991
43307,1991-07-01,31.375,-114.875,28.12129,7,1991
43674,1991-08-01,31.375,-114.875,29.83193,8,1991
44041,1991-09-01,31.375,-114.875,29.48,9,1991
44408,1991-10-01,31.375,-114.875,28.12613,10,1991
44775,1991-11-01,31.375,-114.875,22.57033,11,1991
45142,1991-12-01,31.375,-114.875,17.80903,12,1991
45509,1992-01-01,31.375,-114.875,16.05,1,1992
45876,1992-02-01,31.375,-114.875,16.84034,2,1992
46243,1992-03-01,31.375,-114.875,18.86129,3,1992
46610,1992-04-01,31.375,-114.875,21.816,4,1992
46977,1992-05-01,31.375,-114.875,24.81226,5,1992
47344,1992-06-01,31.375,-114.875,25.88333,6,1992
47711,1992-07-01,31.375,-114.875,28.38129,7,1992
48078,1992-08-01,31.375,-114.875,30.37355,8,1992
48445,1992-09-01,31.375,-114.875,30.09667,9,1992
48812,1992-10-01,31.375,-114.875,28.4629,10,1992
49179,1992-11-01,31.375,-114.875,22.976,11,1992
49546,1992-12-01,31.375,-114.875,17.89387,12,1992
49913,1993-01-01,31.375,-114.875,15.24806,1,1993
50280,1993-02-01,31.375,-114.875,16.06821,2,1993
50647,1993-03-01,31.375,-114.875,18.56097,3,1993
51014,1993-04-01,31.375,-114.875,21.46133,4,1993
51381,1993-05-01,31.375,-114.875,24.07,5,1993
51748,1993-06-01,31.375,-114.875,27.03067,6,1993
52115,1993-07-01,31.375,-114.875,29.24387,7,1993
52482,1993-08-01,31.375,-114.875,29.86419,8,1993
52849,1993-09-01,31.375,-114.875,29.58733,9,1993
53216,1993-10-01,31.375,-114.875,27.49064,10,1993
53583,1993-11-01,31.375,-114.875,22.576,11,1993
53950,1993-12-01,31.375,-114.875,18.82484,12,1993
54317,1994-01-01,31.375,-114.875,16.09548,1,1994
54684,1994-02-01,31.375,-114.875,15.69,2,1994
55051,1994-03-01,31.375,-114.875,18.11065,3,1994
55418,1994-04-01,31.375,-114.875,20.92867,4,1994
55785,1994-05-01,31.375,-114.875,22.74806,5,1994
56152,1994-06-01,31.375,-114.875,25.69633,6,1994
56519,1994-07-01,31.375,-114.875,28.33742,7,1994
56886,1994-08-01,31.375,-114.875,30.31032,8,1994
57253,1994-09-01,31.375,-114.875,28.699,9,1994
57620,1994-10-01,31.375,-114.875,26.19645,10,1994
57987,1994-11-01,31.375,-114.875,22.16133,11,1994
58354,1994-12-01,31.375,-114.875,17.30935,12,1994
58721,1995-01-01,31.375,-114.875,15.71935,1,1995
59088,1995-02-01,31.375,-114.875,16.65893,2,1995
59455,1995-03-01,31.375,-114.875,19.09355,3,1995
59822,1995-04-01,31.375,-114.875,19.44233,4,1995
60189,1995-05-01,31.375,-114.875,21.84645,5,1995
60556,1995-06-01,31.375,-114.875,24.29467,6,1995
60923,1995-07-01,31.375,-114.875,27.4271,7,1995
61290,1995-08-01,31.375,-114.875,29.79355,8,1995
61657,1995-09-01,31.375,-114.875,29.971,9,1995
62024,1995-10-01,31.375,-114.875,27.49129,10,1995
62391,1995-11-01,31.375,-114.875,23.923,11,1995
62758,1995-12-01,31.375,-114.875,20.06,12,1995
63125,1996-01-01,31.375,-114.875,16.89161,1,1996
63492,1996-02-01,31.375,-114.875,18.03483,2,1996
63859,1996-03-01,31.375,-114.875,18.64581,3,1996
64226,1996-04-01,31.375,-114.875,21.30667,4,1996
64593,1996-05-01,31.375,-114.875,23.73968,5,1996
64960,1996-06-01,31.375,-114.875,25.21267,6,1996
65327,1996-07-01,31.375,-114.875,28.02,7,1996
65694,1996-08-01,31.375,-114.875,29.93581,8,1996
66061,1996-09-01,31.375,-114.875,29.55733,9,1996
66428,1996-10-01,31.375,-114.875,26.46097,10,1996
66795,1996-11-01,31.375,-114.875,21.155,11,1996
67162,1996-12-01,31.375,-114.875,18.20452,12,1996
67529,1997-01-01,31.375,-114.875,16.09774,1,1997
67896,1997-02-01,31.375,-114.875,16.07928,2,1997
68263,1997-03-01,31.375,-114.875,17.87742,3,1997
68630,1997-04-01,31.375,-114.875,20.299,4,1997
68997,1997-05-01,31.375,-114.875,23.59032,5,1997
69364,1997-06-01,31.375,-114.875,25.26433,6,1997
69731,1997-07-01,31.375,-114.875,28.37193,7,1997
70098,1997-08-01,31.375,-114.875,30.78452,8,1997
70465,1997-09-01,31.375,-114.875,30.33633,9,1997
70832,1997-10-01,31.375,-114.875,26.57097,10,1997
71199,1997-11-01,31.375,-114.875,22.495,11,1997
71566,1997-12-01,31.375,-114.875,19.21968,12,1997
71933,1998-01-01,31.375,-114.875,17.54581,1,1998
72300,1998-02-01,31.375,-114.875,17.10286,2,1998
72667,1998-03-01,31.375,-114.875,18.25323,3,1998
73034,1998-04-01,31.375,-114.875,20.24233,4,1998
73401,1998-05-01,31.375,-114.875,22.74677,5,1998
73768,1998-06-01,31.375,-114.875,25.414,6,1998
74135,1998-07-01,31.375,-114.875,29.38742,7,1998
74502,1998-08-01,31.375,-114.875,31.29452,8,1998
74869,1998-09-01,31.375,-114.875,31.072,9,1998
75236,1998-10-01,31.375,-114.875,26.51645,10,1998
75603,1998-11-01,31.375,-114.875,21.91633,11,1998
75970,1998-12-01,31.375,-114.875,17.57968,12,1998
76337,1999-01-01,31.375,-114.875,15.72387,1,1999
76704,1999-02-01,31.375,-114.875,16.04286,2,1999
77071,1999-03-01,31.375,-114.875,17.63968,3,1999
77438,1999-04-01,31.375,-114.875,18.978,4,1999
77805,1999-05-01,31.375,-114.875,22.60193,5,1999
78172,1999-06-01,31.375,-114.875,25.20867,6,1999
78539,1999-07-01,31.375,-114.875,28.30806,7,1999
78906,1999-08-01,31.375,-114.875,29.74677,8,1999
79273,1999-09-01,31.375,-114.875,29.57833,9,1999
79640,1999-10-01,31.375,-114.875,26.09323,10,1999
80007,1999-11-01,31.375,-114.875,22.151,11,1999
80374,1999-12-01,31.375,-114.875,18.2071,12,1999
80741,2000-01-01,31.375,-114.875,16.07613,1,2000
81108,2000-02-01,31.375,-114.875,16.68793,2,2000
81475,2000-03-01,31.375,-114.875,18.52581,3,2000
81842,2000-04-01,31.375,-114.875,21.20067,4,2000
82209,2000-05-01,31.375,-114.875,23.58903,5,2000
82576,2000-06-01,31.375,-114.875,26.65133,6,2000
82943,2000-07-01,31.375,-114.875,29.06452,7,2000
83310,2000-08-01,31.375,-114.875,31.10097,8,2000
83677,2000-09-01,31.375,-114.875,29.72633,9,2000
84044,2000-10-01,31.375,-114.875,27.41129,10,2000
84411,2000-11-01,31.375,-114.875,21.793,11,2000
84778,2000-12-01,31.375,-114.875,17.67032,12,2000
85145,2001-01-01,31.375,-114.875,15.67097,1,2001
85512,2001-02-01,31.375,-114.875,15.93321,2,2001
85879,2001-03-01,31.375,-114.875,17.53193,3,2001
86246,2001-04-01,31.375,-114.875,20.13,4,2001
86613,2001-05-01,31.375,-114.875,23.67,5,2001
86980,2001-06-01,31.375,-114.875,26.47267,6,2001
87347,2001-07-01,31.375,-114.875,29.82903,7,2001
87714,2001-08-01,31.375,-114.875,30.34129,8,2001
88081,2001-09-01,31.375,-114.875,30.50667,9,2001
88448,2001-10-01,31.375,-114.875,27.98839,10,2001
88815,2001-11-01,31.375,-114.875,23.97,11,2001
89182,2001-12-01,31.375,-114.875,19.2229,12,2001
89549,2002-01-01,31.375,-114.875,16.55548,1,2002
89916,2002-02-01,31.375,-114.875,15.12571,2,2002
90283,2002-03-01,31.375,-114.875,16.72968,3,2002
90650,2002-04-01,31.375,-114.875,19.76,4,2002
91017,2002-05-01,31.375,-114.875,22.78871,5,2002
91384,2002-06-01,31.375,-114.875,26.067,6,2002
91751,2002-07-01,31.375,-114.875,29.5471,7,2002
92118,2002-08-01,31.375,-114.875,30.11742,8,2002
92485,2002-09-01,31.375,-114.875,30.34167,9,2002
92852,2002-10-01,31.375,-114.875,27.39452,10,2002
93219,2002-11-01,31.375,-114.875,22.79533,11,2002
93586,2002-12-01,31.375,-114.875,18.84806,12,2002
93953,2003-01-01,31.375,-114.875,17.06806,1,2003
94320,2003-02-01,31.375,-114.875,16.76071,2,2003
94687,2003-03-01,31.375,-114.875,18.09032,3,2003
95054,2003-04-01,31.375,-114.875,20.49,4,2003
95421,2003-05-01,31.375,-114.875,22.67097,5,2003
95788,2003-06-01,31.375,-114.875,25.25367,6,2003
96155,2003-07-01,31.375,-114.875,28.62548,7,2003
96522,2003-08-01,31.375,-114.875,31.13129,8,2003
96889,2003-09-01,31.375,-114.875,31.261,9,2003
97256,2003-10-01,31.375,-114.875,27.90839,10,2003
97623,2003-11-01,31.375,-114.875,22.81,11,2003
97990,2003-12-01,31.375,-114.875,17.86129,12,2003
98357,2004-01-01,31.375,-114.875,16.1971,1,2004
98724,2004-02-01,31.375,-114.875,15.70138,2,2004
99091,2004-03-01,31.375,-114.875,18.80097,3,2004
99458,2004-04-01,31.375,-114.875,21.261,4,2004
99825,2004-05-01,31.375,-114.875,24.20839,5,2004
100192,2004-06-01,31.375,-114.875,25.899,6,2004
100559,2004-07-01,31.375,-114.875,29.30064,7,2004
100926,2004-08-01,31.375,-114.875,31.32452,8,2004
101293,2004-09-01,31.375,-114.875,30.075,9,2004
101660,2004-10-01,31.375,-114.875,26.42032,10,2004
102027,2004-11-01,31.375,-114.875,21.261,11,2004
102394,2004-12-01,31.375,-114.875,17.85839,12,2004
102761,2005-01-01,31.375,-114.875,15.94064,1,2005
103128,2005-02-01,31.375,-114.875,16.47178,2,2005
103495,2005-03-01,31.375,-114.875,19.01839,3,2005
103862,2005-04-01,31.375,-114.875,20.66567,4,2005
104229,2005-05-01,31.375,-114.875,23.93355,5,2005
104596,2005-06-01,31.375,-114.875,26.883,6,2005
104963,2005-07-01,31.375,-114.875,30.10193,7,2005
105330,2005-08-01,31.375,-114.875,31.00451,8,2005
105697,2005-09-01,31.375,-114.875,30.307,9,2005
106064,2005-10-01,31.375,-114.875,26.96968,10,2005
106431,2005-11-01,31.375,-114.875,22.716,11,2005
106798,2005-12-01,31.375,-114.875,17.85484,12,2005
107165,2006-01-01,31.375,-114.875,16.12161,1,2006
107532,2006-02-01,31.375,-114.875,16.20714,2,2006
107899,2006-03-01,31.375,-114.875,17.43484,3,2006
108266,2006-04-01,31.375,-114.875,20.02367,4,2006
108633,2006-05-01,31.375,-114.875,23.45226,5,2006
109000,2006-06-01,31.375,-114.875,27.487,6,2006
109367,2006-07-01,31.375,-114.875,31.01193,7,2006
109734,2006-08-01,31.375,-114.875,31.77387,8,2006
110101,2006-09-01,31.375,-114.875,29.89733,9,2006
110468,2006-10-01,31.375,-114.875,26.33258,10,2006
110835,2006-11-01,31.375,-114.875,22.323,11,2006
111202,2006-12-01,31.375,-114.875,18.58645,12,2006
111569,2007-01-01,31.375,-114.875,15.74064,1,2007
111936,2007-02-01,31.375,-114.875,16.05536,2,2007
112303,2007-03-01,31.375,-114.875,18.26806,3,2007
112670,2007-04-01,31.375,-114.875,20.81233,4,2007
113037,2007-05-01,31.375,-114.875,23.88613,5,2007
113404,2007-06-01,31.375,-114.875,26.096,6,2007
113771,2007-07-01,31.375,-114.875,29.31774,7,2007
114138,2007-08-01,31.375,-114.875,30.97774,8,2007
114505,2007-09-01,31.375,-114.875,30.35633,9,2007
114872,2007-10-01,31.375,-114.875,25.71581,10,2007
115239,2007-11-01,31.375,-114.875,22.331,11,2007
115606,2007-12-01,31.375,-114.875,17.55903,12,2007
115973,2008-01-01,31.375,-114.875,14.48839,1,2008
116340,2008-02-01,31.375,-114.875,15.33448,2,2008
116707,2008-03-01,31.375,-114.875,18.04323,3,2008
117074,2008-04-01,31.375,-114.875,20.98633,4,2008
117441,2008-05-01,31.375,-114.875,22.75935,5,2008
117808,2008-06-01,31.375,-114.875,26.09433,6,2008
118175,2008-07-01,31.375,-114.875,29.71419,7,2008
118542,2008-08-01,31.375,-114.875,31.35968,8,2008
118909,2008-09-01,31.375,-114.875,31.43033,9,2008
119276,2008-10-01,31.375,-114.875,27.2229,10,2008
119643,2008-11-01,31.375,-114.875,22.11567,11,2008
120010,2008-12-01,31.375,-114.875,19.19161,12,2008
120377,2009-01-01,31.375,-114.875,15.64581,1,2009
120744,2009-02-01,31.375,-114.875,16.50964,2,2009
121111,2009-03-01,31.375,-114.875,18.70484,3,2009
121478,2009-04-01,31.375,-114.875,20.64167,4,2009
121845,2009-05-01,31.375,-114.875,24.7929,5,2009
122212,2009-06-01,31.375,-114.875,26.52633,6,2009
122579,2009-07-01,31.375,-114.875,30.0871,7,2009
122946,2009-08-01,31.375,-114.875,30.89226,8,2009
123313,2009-09-01,31.375,-114.875,30.59967,9,2009
123680,2009-10-01,31.375,-114.875,26.66806,10,2009
124047,2009-11-01,31.375,-114.875,22.29267,11,2009
124414,2009-12-01,31.375,-114.875,18.61258,12,2009
124781,2010-01-01,31.375,-114.875,16.39419,1,2010
125148,2010-02-01,31.375,-114.875,16.21643,2,2010
125515,2010-03-01,31.375,-114.875,18.33323,3,2010
125882,2010-04-01,31.375,-114.875,20.80233,4,2010
126249,2010-05-01,31.375,-114.875,23.66774,5,2010
126616,2010-06-01,31.375,-114.875,26.72267,6,2010
126983,2010-07-01,31.375,-114.875,29.04161,7,2010
127350,2010-08-01,31.375,-114.875,30.29548,8,2010
127717,2010-09-01,31.375,-114.875,29.059,9,2010
128084,2010-10-01,31.375,-114.875,26.9071,10,2010
128451,2010-11-01,31.375,-114.875,21.97767,11,2010
128818,2010-12-01,31.375,-114.875,17.29677,12,2010
129185,2011-01-01,31.375,-114.875,15.21258,1,2011
129552,2011-02-01,31.375,-114.875,15.05643,2,2011
129919,2011-03-01,31.375,-114.875,17.68419,3,2011
130286,2011-04-01,31.375,-114.875,20.31167,4,2011
130653,2011-05-01,31.375,-114.875,22.57323,5,2011
131020,2011-06-01,31.375,-114.875,25.91233,6,2011
131387,2011-07-01,31.375,-114.875,29.56064,7,2011
131754,2011-08-01,31.375,-114.875,31.88032,8,2011
132121,2011-09-01,31.375,-114.875,30.911,9,2011
132488,2011-10-01,31.375,-114.875,27.15677,10,2011
132855,2011-11-01,31.375,-114.875,21.80933,11,2011
133222,2011-12-01,31.375,-114.875,17.49839,12,2011
133589,2012-01-01,31.375,-114.875,16.30774,1,2012
133956,2012-02-01,31.375,-114.875,16.56586,2,2012
134323,2012-03-01,31.375,-114.875,18.02935,3,2012
134690,2012-04-01,31.375,-114.875,20.96867,4,2012
135057,2012-05-01,31.375,-114.875,24.45871,5,2012
135424,2012-06-01,31.375,-114.875,26.778,6,2012
135791,2012-07-01,31.375,-114.875,29.80452,7,2012
136158,2012-08-01,31.375,-114.875,31.11097,8,2012
136525,2012-09-01,31.375,-114.875,31.472,9,2012
136892,2012-10-01,31.375,-114.875,28.41258,10,2012
137259,2012-11-01,31.375,-114.875,22.30033,11,2012
137626,2012-12-01,31.375,-114.875,19.23677,12,2012
137993,2013-01-01,31.375,-114.875,15.6371,1,2013
138360,2013-02-01,31.375,-114.875,15.51071,2,2013
138727,2013-03-01,31.375,-114.875,17.92774,3,2013
139094,2013-04-01,31.375,-114.875,21.40867,4,2013
139461,2013-05-01,31.375,-114.875,24.66581,5,2013
139828,2013-06-01,31.375,-114.875,28.283,6,2013
140195,2013-07-01,31.375,-114.875,31.6929,7,2013
140562,2013-08-01,31.375,-114.875,30.85516,8,2013
140929,2013-09-01,31.375,-114.875,30.42167,9,2013
141296,2013-10-01,31.375,-114.875,25.96484,10,2013
141663,2013-11-01,31.375,-114.875,21.72667,11,2013
142030,2013-12-01,31.375,-114.875,17.60742,12,2013
142397,2014-01-01,31.375,-114.875,15.81516,1,2014
142764,2014-02-01,31.375,-114.875,16.60643,2,2014
143131,2014-03-01,31.375,-114.875,19.65581,3,2014
143498,2014-04-01,31.375,-114.875,22.285,4,2014
143865,2014-05-01,31.375,-114.875,24.16323,5,2014
144232,2014-06-01,31.375,-114.875,28.53867,6,2014
144599,2014-07-01,31.375,-114.875,30.86258,7,2014
144966,2014-08-01,31.375,-114.875,31.30806,8,2014
145333,2014-09-01,31.375,-114.875,31.46467,9,2014
145700,2014-10-01,31.375,-114.875,28.03258,10,2014
146067,2014-11-01,31.375,-114.875,23.54433,11,2014
146434,2014-12-01,31.375,-114.875,19.27871,12,2014
146801,2015-01-01,31.375,-114.875,16.93,1,2015
147168,2015-02-01,31.375,-114.875,18.12536,2,2015
147535,2015-03-01,31.375,-114.875,20.29,3,2015
147902,2015-04-01,31.375,-114.875,22.85467,4,2015
148269,2015-05-01,31.375,-114.875,24.6429,5,2015
148636,2015-06-01,31.375,-114.875,27.43133,6,2015
149003,2015-07-01,31.375,-114.875,29.92032,7,2015
149370,2015-08-01,31.375,-114.875,32.27968,8,2015
149737,2015-09-01,31.375,-114.875,31.81967,9,2015
150104,2015-10-01,31.375,-114.875,28.97774,10,2015
150471,2015-11-01,31.375,-114.875,23.12567,11,2015
150838,2015-12-01,31.375,-114.875,18.86806,12,2015
151205,2016-01-01,31.375,-114.875,16.17968,1,2016
151572,2016-02-01,31.375,-114.875,16.76276,2,2016
151939,2016-03-01,31.375,-114.875,20.03839,3,2016
152306,2016-04-01,31.375,-114.875,22.104,4,2016
152673,2016-05-01,31.375,-114.875,24.51742,5,2016
153040,2016-06-01,31.375,-114.875,27.116,6,2016
153407,2016-07-01,31.375,-114.875,31.00548,7,2016
153774,2016-08-01,31.375,-114.875,31.18032,8,2016
154141,2016-09-01,31.375,-114.875,30.02167,9,2016
154508,2016-10-01,31.375,-114.875,27.41452,10,2016
154875,2016-11-01,31.375,-114.875,23.508,11,2016
155242,2016-12-01,31.375,-114.875,17.63097,12,2016
155609,2017-01-01,31.375,-114.875,15.48871,1,2017
155976,2017-02-01,31.375,-114.875,16.78393,2,2017
156343,2017-03-01,31.375,-114.875,19.09,3,2017
156710,2017-04-01,31.375,-114.875,21.94367,4,2017
157077,2017-05-01,31.375,-114.875,24.35419,5,2017
157444,2017-06-01,31.375,-114.875,27.03767,6,2017
157811,2017-07-01,31.375,-114.875,30.96935,7,2017
158178,2017-08-01,31.375,-114.875,32.19936,8,2017
158545,2017-09-01,31.375,-114.875,30.80133,9,2017
158912,2017-10-01,31.375,-114.875,26.60032,10,2017
159279,2017-11-01,31.375,-114.875,22.99767,11,2017
159646,2017-12-01,31.375,-114.875,18.05129,12,2017
160013,2018-01-01,31.375,-114.875,16.33613,1,2018
160380,2018-02-01,31.375,-114.875,16.67,2,2018
160747,2018-03-01,31.375,-114.875,18.02516,3,2018
161114,2018-04-01,31.375,-114.875,21.511,4,2018
161481,2018-05-01,31.375,-114.875,23.87258,5,2018
161848,2018-06-01,31.375,-114.875,27.535,6,2018
162215,2018-07-01,31.375,-114.875,30.18323,7,2018
162582,2018-08-01,31.375,-114.875,32.02871,8,2018
162949,2018-09-01,31.375,-114.875,31.11867,9,2018
163316,2018-10-01,31.375,-114.875,26.76677,10,2018
163683,2018-11-01,31.375,-114.875,22.154,11,2018
164050,2018-12-01,31.375,-114.875,18.18839,12,2018
164417,2019-01-01,31.375,-114.875,15.94032,1,2019
164784,2019-02-01,31.375,-114.875,15.94678,2,2019
165151,2019-03-01,31.375,-114.875,17.90548,3,2019
165518,2019-04-01,31.375,-114.875,21.65567,4,2019
165885,2019-05-01,31.375,-114.875,23.3229,5,2019
166252,2019-06-01,31.375,-114.875,25.8,6,2019
166619,2019-07-01,31.375,-114.875,30.20806,7,2019
166986,2019-08-01,31.375,-114.875,31.71548,8,2019
167353,2019-09-01,31.375,-114.875,30.775,9,2019
167720,2019-10-01,31.375,-114.875,26.4171,10,2019
168087,2019-11-01,31.375,-114.875,20.911,11,2019
168454,2019-12-01,31.375,-114.875,18.18129,12,2019
168821,2020-01-01,31.375,-114.875,15.6329,1,2020
169188,2020-02-01,31.375,-114.875,16.19241,2,2020
169555,2020-03-01,31.375,-114.875,18.2771,3,2020
169922,2020-04-01,31.375,-114.875,21.41667,4,2020
170289,2020-05-01,31.375,-114.875,24.89355,5,2020
170656,2020-06-01,31.375,-114.875,27.515,6,2020
171023,2020-07-01,31.375,-114.875,30.80484,7,2020
171390,2020-08-01,31.375,-114.875,32.13161,8,2020
171757,2020-09-01,31.375,-114.875,30.76867,9,2020
172124,2020-10-01,31.375,-114.875,29.13097,10,2020
172491,2020-11-01,31.375,-114.875,23.023,11,2020
172858,2020-12-01,31.375,-114.875,18.42645,12,2020
173225,2021-01-01,31.375,-114.875,15.82129,1,2021
173592,2021-02-01,31.375,-114.875,16.82928,2,2021
173959,2021-03-01,31.375,-114.875,18.14742,3,2021
174326,2021-04-01,31.375,-114.875,21.638,4,2021
174693,2021-05-01,31.375,-114.875,24.23161,5,2021
175060,2021-06-01,31.375,-114.875,27.54533,6,2021
175427,2021-07-01,31.375,-114.875,30.88935,7,2021
175794,2021-08-01,31.375,-114.875,32.15226,8,2021
176161,2021-09-01,31.375,-114.875,31.431,9,2021
176528,2021-10-01,31.375,-114.875,27.32064,10,2021
176895,2021-11-01,31.375,-114.875,22.61433,11,2021
177262,2021-12-01,31.375,-114.875,18.23258,12,2021
177629,2022-01-01,31.375,-114.875,15.53903,1,2022
177996,2022-02-01,31.375,-114.875,15.58214,2,2022
178363,2022-03-01,31.375,-114.875,18.07,3,2022
178730,2022-04-01,31.375,-114.875,21.717,4,2022
179097,2022-05-01,31.375,-114.875,24.76129,5,2022
179464,2022-06-01,31.375,-114.875,28.79633,6,2022
179831,2022-07-01,31.375,-114.875,30.78097,7,2022
180198,2022-08-01,31.375,-114.875,31.61452,8,2022
180565,2022-09-01,31.375,-114.875,31.01167,9,2022
180932,2022-10-01,31.375,-114.875,28.12097,10,2022
181299,2022-11-01,31.375,-114.875,20.67867,11,2022
181666,2022-12-01,31.375,-114.875,16.83742,12,2022
182033,2023-01-01,31.375,-114.875,16.05645,1,2023
182400,2023-02-01,31.375,-114.875,15.28214,2,2023
182767,2023-03-01,31.375,-114.875,17.93032,3,2023
183134,2023-04-01,31.375,-114.875,21.24433,4,2023
183501,2023-05-01,31.375,-114.875,24.15387,5,2023
183868,2023-06-01,31.375,-114.875,26.94267,6,2023
184235,2023-07-01,31.375,-114.875,30.87968,7,2023
184602,2023-08-01,31.375,-114.875,31.77581,8,2023
184969,2023-09-01,31.375,-114.875,30.55833,9,2023
185336,2023-10-01,31.375,-114.875,27.10903,10,2023
185703,2023-11-01,31.375,-114.875,20.94333,11,2023
186070,2023-12-01,31.375,-114.875,17.38645,12,2023
